,Title,Content
0,punishment crimes committed substance susch combustores,person kills attempts cause death child woman burning corrosive poisonous substance person shall punishable death life imprisonment fine not exceeding one lakh rupees person injures child woman burning corrosive poisonous substance manner cause loss sight hearing child woman organ gland part body deformed damaged part body injured child woman case loss sight hearing deformity loss face breast genitals person shall punishable death life imprisonment shall punishable fine not exceeding one lakh rupees case mutilation damage organ gland part body injury part body person shall punishable imprisonment term not exceeding fourteen years not less seven years fine not exceeding fifty thousand rupees person throws attempts throw burning corrosive poisonous substance child woman person shall not inflict physical mental otherwise harm child woman concerned case may shall punishable imprisonment term not exceeding seven years not less three years fine not exceeding fifty thousand rupees penalties section shall levied heirs person died result offense case may physically mentally case death person harmed person shall paid heirs
1,punishment abduction women children,person human trafficking prevention suppression act act act section abovementioned offense purpose purpose woman child abduction person life imprisonment shall punishable imprisonment term not exceeding fourteen years additional fine thereof
2,punishment ransom,person detains woman child ransom person shall liable death life imprisonment additional fine thereof
3,punishment rapem death due rape,man rapes woman child shall punishable death penalty life imprisonment shall punishable additional fine thereof explanation man sexual intercourse woman age sixteen years without consent intimidation fraudulently obtaining consent woman age sixteen years consent without consent considered raped woman woman child dies result rape misconduct person rape person shall punishable death life imprisonment additional fine not less one lakh rupees one person rapes woman child group woman child dies injured result rape person group shall punishable death life imprisonment fine not exceeding one lakh rupees person treats woman child attempts cause death injury rape person shall punishable death penalty life imprisonment shall punishable additional fine thereof attempts rape case person shall punishable imprisonment term not exceeding ten years not less five years additional fine thereof police custody woman rape victims whose custody rape committed person persons raped women custody direct charge unless otherwise proved shall punishable imprisonment term not exceeding ten years not less five years failure custody addition fine not exceeding ten thousand rupees
4,punishment inciting women commit suicide,woman commits suicide without consent woman person due direct act willful dishonor person guilty inciting woman commit suicide act punishable rigorous imprisonment also additional fine
5,penalties sexual harassment,person unlawfully touches molestes woman child part body part body object purpose satisfying sexual desire act shall sexual harassment person shall not exceed ten punishable one year not less three years rigorous imprisonment also punishable additional fine
6,punishment death dowry,woman husband husband father mother guardian relative person behalf husband kills tries kill woman dowry causes grievous hurt simple injury woman said husband husband father mother guardian relative person shall punishable death attempting cause death life imprisonment attempting cause death cases shall punishable additional fine said penalty b causing grievous hurt shall punishable life imprisonment not twelve years not less five years rigorous imprisonment addition fine c causing simple injury shall punishable imprisonment term not exceeding three years not less one year shall also punishable additional fine said penalty
7,punishment mutilation child purpose begging,person destroys mutilates mutilates child hand foot eye limb purpose begging selling limbs person shall punishable death penalty life imprisonment addition fine
8,provisions regarding children born result rape,notwithstanding anything different law child born result rape child may placed care mother maternal relatives b child shall entitled known father mother c maintenance child shall borne state maintenance child shall payable till attains age twentyone years case daughter age twentyone years shall paid till married case crippled child shall eligible maintenance government shall determine amount money paid maintenance child referred subsection manner prescribed rules government may recover rapist amount payable maintenance child section not possible recover money rapist existing assets shall recoverable assets future
9,prohibition disclosure identity abused women children news,news information nameaddress information offense legal proceedings woman child victim offense described act may published served newspaper news way identify woman child not get published case violation provisions subsection person persons responsible violation shall punishable imprisonment term not exceeding two years fine not exceeding one lakh rupees
10,torture death custody,person found guilty subsection section act shall punished imprisonment term not exceeding five years fine not exceeding fifty thousand rupees additional twenty five thousand rupees pay person tortures another person person dies result torture perpetrator shall deemed committed offense subsection section act shall punished life imprisonment least one one lakh rupees fined addition two lakh rupees paid compensation affected person persons person found guilty subsection section act shall punished imprisonment term not exceeding two years fine not less twenty thousand rupees person convicted offense act shall within fourteen days date sentencing submit judicial court money referred subsections appeal shall made penalty offense act except fulfillment requirements
11,import drugs,whoever contravenes provisions chapter rule made thereunder shall addition penalty may liable provision section punishable imprisonment may extend one year fine may extend five hundred taka whoever convicted sub section convicted sub section shall addition penalty aforesaid punishable imprisonment may extend two years fine may extend one thousand taka
12,penalty manufacture sale etc drugs contravention chapter,whoever person behalf manufactures sale sells stocks exhibits sale distributes drug contravention provisions chapter rule made thereunder shall punishable imprisonment may extend three years fine
13,penalties giving false warranty misuse warranty,whoever respect drug sold whether principal agent gives purchaser false warranty drug not way contravene provisions section shall unless proves gave warranty good reason believe true punishable imprisonment may extend one year fine may extend five hundred taka
14,penalties giving false warranty misuse warranty,whoever respect drug sold whether principal agent gives purchaser false warranty drug not way contravene provisions section shall unless proves gave warranty good reason believe true punishable imprisonment may extend one year fine may extend five hundred taka
15,penalty use government analyst report advertising,whoever uses report test analysis made central drugs laboratory government analyst extract report purpose advertising drug shall punishable fine may extend five hundred taka
16,penalty subsequent offenses,whoever convicted offense section convicted offense section shall punishable imprisonment may extend five years fine whoever convicted offense section section convicted offense either sections shall punishable imprisonment may extend two years fine
17,enhanced punishment certain cases,notwithstanding anything contained act whoever goes armed pistol revolver rifle shot gun firearm contravention provision section firearm possession control contravention provisions section section circumstances indicting intended firearm used commission offense murder shall punished death transportation life shorter term imprisonment term may extend fourteen years fine may added
18,breach license,whoever violation condition subject license granted omits act shall omitting act not punishable section section punished imprisonment term may extend six months fine may extend five hundred taka
19,knowingly purchasing arms etc unlicensed person delivering arms etc person not authorized possess,whoever knowingly purchases arms ammunition military stores person not licensed authorized proviso section sell delivers arms ammunition military stores possession person without previously ascertaining person legally authorized possess shall punished imprisonment term may extend six months fine may extend five hundred taka
20,penalty breach rule,person violating rule made act violation penalty provided act shall punished imprisonment term may extend one month fine may extend two hundred taka
21,breach sections,whoever commits following offenses namely manufactures converts sells keeps offers exposes sale arms ammunition military stores contravention provisions section b fails give notice required section c imports exports arms ammunition military stores contravention provisions section transports arms ammunition military stores contravention regulation prohibition issued section e goes armed contravention provisions section possession control arms ammunition military stores contravention provisions section section g intentionally makes false entry record account rule made section clause c required keep h intentionally fails exhibit anything rule made section clause e required exhibit fails deposit arms ammunition military stores required section section shall punished imprisonment life rigorous imprisonment shall not less seven years
22,breaches sections respect certain arms,notwithstanding anything contained section whoever commits offense clause c e f section shall offense committed respect pistol revolver rifle shot gun firearm punished imprisonment life rigorous imprisonment term shall not less ten years
23,secret breaches sections,whoever act mentioned clause c f section manner indicate intention act may not known public servant defined penal code person employed upon railway servant public carrier
24,penalty owning keeping charge common gaminghouse,whoever owner occupier use house tent room space walled enclosure situate within limits act applies opens keeps uses common gaminghouse whoever owner occupier house tent room space walled enclosure aforesaid knowingly wilfully permits opened occupied used kept person common gaminghouse whoever care management manner assists conducting business house tent room space walled enclosure aforesaid opened occupied used kept purpose aforesaid whoever advances furnishes money purpose gaming persons frequenting house tent room space walled enclosure shall liable conviction magistrate fine not exceeding two hundred taka imprisonment either description defined penal code term not exceeding three months
25,penalty found common gaminghouse,whoever found house tent room space walled enclosure playing gaming cards dice counters money instruments gaming found present purpose gaming whether playing money wager stake otherwise shall liable conviction magistrate fine not exceeding one hundred taka imprisonment either description defined penal code term not exceeding one month person found common gaminghouse gaming playing therein shall presumed contrary proved purpose gaming
26,penalty giving false name address,person found common gaminghouse entered magistrate officer police provisions act upon arrested officer upon brought magistrate required officer magistrate give name address shall refuse neglect give shall give false name address may upon conviction magistrate adjudged pay penalty not exceeding five hundred taka together costs magistrate shall appear reasonable nonpayment penalty costs first instance magistrate shall seem fit may imprisoned period not exceeding one month
27,penalty subsequent offence,whoever convicted offence punishable act shall guilty offence shall subject every subsequent offence double amount punishment would otherwise liable provided shall not liable case fine exceeding six hundred taka imprisonment term exceeding one year
28,penalty security act,person purpose obtaining person payment interest capital sum due respect government security issue duplicate security renewal conversion consolidation subdivision government security securities makes authority act statement false either knows false not believe true shall punishable imprisonment term may extend six months fine court shall take cognizance offence subsection save complaint authority false statement made
29,punishment rape,whoever commits rape shall punished imprisonment life imprisonment either description term may extend ten years shall also liable fine unless woman raped wife not twelve years age case shall punished imprisonment either description term may extend two years fine
30,waging attempting wage war abeting waging war bangladesh,whoever wages war bangladesh attempts wage war abets waging war shall punished death imprisonment life shall also liable fineillustration joins insurrection bangladesh committed offence defined section
31,conspiracy commit offences punishable section,whoever within without bangladesh conspires commit offences punishable section deprive bangladesh sovereignty territories part thereof conspires overawe means criminal force show criminal force government shall punished imprisonment life imprisonment either description may extend ten years shall also liable fine explanationto constitute conspiracy section not necessary act illegal omission shall take place pursuance
32,collecting arms etc intention waging war bangladesh,whoever collects men arms ammunition otherwise prepares wage war intention either waging prepared wage war bangladesh shall punished imprisonment life imprisonment either description term not exceeding ten years shall also liable fine
33,concealing intent facilitate design wage war,whoever act illegal omission conceals existence design wage war bangladesh intending concealment facilitate knowing likely concealment facilitate waging war shall punished imprisonment either description term may extend ten years shall also liable fine
34,condemnation creation state advocacy abolition sovereignty,whoever without bangladesh intent influence knowing likely influence person whole section public manner likely prejudicial safety bangladesh endanger sovereignty bangladesh respect territories lying within borders shall words spoken written signs visible representation condemn creation bangladesh pursuance proclamation independence twentysixth day march advocate curtailment abolition sovereignty bangladesh respect territories lying within borders whether amalgamation territories neighboring states otherwise shall punished rigorous imprisonment may extend ten years shall also liable fine notwithstanding anything contained law time force person proceeded section shall lawful court may produced course investigation trial make order may think fit respect movements association communication persons activities regard dissemination news propagation opinions time case finally decided court court appeal revision relation court mentioned subsection may also make order subsection
35,assaulting president government etc intent compel restrain exercise lawful power,whoever intention inducing compelling president bangladesh government exercise refrain exercising manner lawful powers president government assaults wrongfully restrains attempts wrongfully restrain overawes means criminal force show criminal force attempts overawe president shall punished imprisonment either description term may extend seven years shall also liable fine
36,waging war asiatic power alliance bangladesh,whoever wages war government asiatic power alliance peace bangladesh attempts wage war abets waging war shall punished imprisonment life fine may added imprisonment either description term may extend seven years fine may added fine
37,committing depredation territories power peace bangladesh,whoever commits depredation makes preparations commit depredation territories power alliance peace bangladesh shall punished imprisonment either description term may extend seven years shall also liable fine forfeiture property used intended used committing depredation acquired depredation
38,receiving property taken war depredation mentioned sections,whoever receives property knowing taken commission offences mentioned sections shall punished imprisonment either description term may extend seven years shall also liable fine forfeiture property received
39,public servant voluntarily allowing prisoner state war escape,whoever public servant custody state prisoner prisoner war voluntarily allows prisoner escape place prisoner confined shall punished imprisonment life imprisonment either description term may extend ten years shall also liable fine
40,public servant negligently suffering prisoner escape,whoever public servant custody state prisoner prisoner war negligently suffers prisoner escape place confinement prisoner confined shall punished simple imprisonment term may extend three years shall also liable fine
41,aiding escape rescuing harbouring prisoner,whoever knowingly aids assists state prisoner prisoner war escaping lawful custody rescues attempts rescue prisoner harbours conceals prisoner escaped lawful custody offers attempts offer resistance recapture prisoner shall punished imprisonment life imprisonment either description term may extend ten years shall also liable fine explanationa state prisoner prisoner war permitted large parole within certain limits bangladesh said escape lawful custody goes beyond limits within allowed large
42,abetting mutiny attempting seduce soldier sailor airman duty,whoever abets committing mutiny officer soldier sailor airman army navy air force bangladesh attempts seduce officer soldier sailor airman allegiance duty shall punished imprisonment life imprisonment either description term may extend ten years shall also liable fine
43,abetment mutiny mutiny committed consequence thereof,whoever abets committing mutiny officer soldier sailor airman army navy air force bangladesh shall mutiny committed consequence abetment punished death imprisonment life imprisonment either description term may extend ten years shall also liable fine
44,abetment assault soldier sailor airman superior officer execution office,whoever abets assault officer soldier sailor airman army navy air force bangladesh superior officer execution office shall punished imprisonment either description term may extend three years shall also liable fine
45,abetment assault assault committed,whoever abets assault officer soldier sailor airman army navy air force bangladesh superior officer execution office shall assault committed consequence abetment punished imprisonment either description term may extend seven years shall liable fine
46,abetment desertion soldier sailor airman,whoever abets desertion officer soldier sailor airman army navy air force bangladesh shall punished imprisonment either description term may extend two years fine
47,harbouring deserter,whoever except hereinafter excepted knowing reason believe officer soldier sailor airman army navy air force bangladesh deserted harbours officer soldier sailor airman shall punished imprisonment either description term may extend two years fine exceptionthis provision not extend case harbour given wife husband
48,deserter concealed board merchant vessel negligence master,master person charge merchant vessel board deserter army navy air force bangladesh concealed shall though ignorant concealment liable penalty not exceeding five hundred taka might known concealment neglect duty master person charge want discipline board vessel
49,abetment act insubordination soldier sailor airman,whoever abets knows act insubordination officer soldier sailor airman army navy air force bangladesh shall act insubordination committed consequence abetment punished imprisonment either description term may extend six months fine
50,wearing garb carrying token used soldier sailor airman,whoever not soldier sailor airman military naval air service bangladesh wears garb carries token resembling garb token used soldier sailor airman intention may believed soldier sailor airman shall punished imprisonment either description term may extend three months fine may extend five hundred taka
51,unlawful assembly,assembly five persons designated unlawful assembly common object persons composing assembly firstto overawe criminal force show criminal force government legislature public servant exercise lawful power public servant secondto resist execution law legal process commit mischief criminal trespass offence fourthby means criminal force show criminal force person take obtain possession property deprive person enjoyment right way use water incorporeal right possession enjoyment enforce right supposed right fifthby means criminal force show criminal force compel person not legally bound omit legally entitled explanationan assembly not unlawful assembled may subsequently become unlawful assembly
52,punishment member unlawful assembly,whoever member unlawful assembly shall punished imprisonment either description term may extend six months fine
53,joining unlawful assembly armed deadly weapon,whoever armed deadly weapon anything used weapon offence likely cause death member unlawful assembly shall punished imprisonment either description term may extend two years fine
54,joining continuing unlawful assembly knowing commanding disperse,whoever joins continues unlawful assembly knowing unlawful assembly commanded manner prescribed law disperse shall punished imprisonment either description term may extend two years fine
55,punishment rioting,whoever guilty rioting shall punished imprisonment either description term may extend two years fine
56,rioting armed deadly weapon,whoever guilty rioting armed deadly weapon anything used weapon offence likely cause death shall punished imprisonment either description term may extend three years fine
57,knowingly joining continuing assembly five persons commanded disperse,whoever knowingly joins continues assembly five persons likely cause disturbance public peace assembly lawfully commanded disperse shall punished imprisonment either description term may extend six months fine explanationif assembly unlawful assembly within meaning section offender punishable section
58,assaulting obstructing public servant suppressing riot etc,whoever assaults threatens assault obstructs attempts obstruct public servant discharge duty public servant endeavouring disperse unlawful assembly suppress riot affray uses threatens attempts use criminal force public servant shall punished imprisonment either description term may extend three years fine
59,wantonly giving provocation intent cause riot rioting committed not committed,whoever malignantly wantonly anything illegal gives provocation person intending knowing likely provocation cause offence rioting committed shall offence rioting committed consequence provocation punished imprisonment either description term may extend one year fine offence rioting not committed imprisonment either description term may extend six months fine
60,promoting enmity classes,whoever words either spoken written signs visible representations otherwise promotes attempts promote feelings enmity hatred different classes citizens bangladesh shall punished imprisonment may extend two years fine explanationit not amount offence within meaning section point without malicious intention honest view removal matters producing tendency produce feelings enmity hatred different classes citizens bangladesh
61,inducing students etc take part political activity,whoever words either spoken written signs visible representations otherwise induce attempts induce student class students institution interested connected students take part political activity disturbs undermines likely disturb undermine public order shall punished imprisonment may extend two years fine
62,harbouring persons hired unlawful assembly,whoever harbours receives assembles house premises occupation charge control persons knowing persons hired engaged employed hired engaged employed join become members unlawful assembly shall punished imprisonment either description term may extend six months fine
63,hired take part unlawful assembly riot go armed,whoever engaged hired offers attempts hired engaged assist acts specified section shall punished imprisonment either description term may extend six months fine
64,hired take part unlawful assembly riot go,whoever engaged hired aforesaid goes armed engages offers go armed deadly weapon anything used weapon offence likely cause death shall punished imprisonment either description term may extend two years fine
65,punishment committing affray,whoever commits affray shall punished imprisonment either description term may extend one month fine may extend one hundred taka
66,taking gratification order corrupt illegal means influence public servant,whoever accepts obtains agrees accept attempts obtain person person gratification whatever motive reward inducing corrupt illegal means public servant forbear official act exercise official functions public servant show favour disfavour person render attempt render service disservice person government legislature public servant shall punished imprisonment either description term may extend three years fine
67,punishment abetment public servant offences defined section,whoever public servant respect either offences defined last two preceding sections committed abets offence shall punished imprisonment either description term may extend three years fine illustration
68,punishment abetment public servant offences defined section,public servant b wife receives present motive soliciting give office particular person abets b punishable imprisonment term not exceeding one year fine punishable imprisonment term may extend three years fine
69,public servant disobeying law intent cause injury person,whoever public servant knowingly disobeys direction law way conduct public servant intending cause knowing likely disobedience cause injury person shall punished simple imprisonment term may extend one year fine
70,public servant framing incorrect document intent cause injury,whoever public servant public servant charged preparation translation document frames translates document manner knows believes incorrect intending thereby cause knowing likely may thereby cause injury person shall punished imprisonment either description term may extend three years fine
71,public servant unlawfully engaging trade,whoever public servant legally bound public servant not engage trade engages trade shall punished simple imprisonment term may extend one year fine
72,public servant unlawfully buying bidding property,whoever public servant legally bound public servant not purchase bid certain property purchases bids property either name name another jointly shares others shall punished simple imprisonment term may extend two years fine property purchased shall confiscated
73,personating public servant,whoever pretends hold particular office public servant knowing not hold office falsely personates person holding office assumed character attempts act colour office shall punished imprisonment either description term may extend two years fine
74,wearing garb carrying token used public servant fraudulent intent,whoever not belonging certain class public servants wears garb carries token resembling garb token used class public servants intention may believed knowledge likely believed belongs class public servants shall punished imprisonment either description term may extend three months fine may extend two hundred taka
75,injuring defiling place worship intent insult religion class,whoever destroys damages defiles place worship object held sacred class persons intention thereby insulting religion class persons knowledge class persons likely consider destruction damage defilement insult religion shall punished imprisonment either description term may extend two years fine
76,deliberate malicious acts intended outrage religious feelings class insulting religion religious beliefs,whoever deliberate malicious intention outraging religious feelings class citizens bangladesh words either spoken written visible representations insults attempts insult religion religious beliefs class shall punished imprisonment either description term may extend two years fine
77,disturbing religious assembly,whoever voluntarily causes disturbance assembly lawfully engaged performance religious worship religious ceremonies shall punished imprisonment either description term may extend one year fine
78,trespassing burial places etc,whoever intention wounding feelings person insulting religion person knowledge feelings person likely wounded religion person likely insulted thereby commits trespass place worship place sepulture place set apart performance funeral rites depository remains dead offers indignity human corpse causes disturbance persons assembled performance funeral ceremonies shall punished imprisonment either description term may extend one year fine
79,uttering words etc deliberate intent wound religious feelings,whoever deliberate intention wounding religious feelings person utters word makes sound hearing person makes gesture sight person places object sight person shall punished imprisonment either description term may extend one year fine
80,punishment murder,whoever commits murder shall punished death imprisonment life shall also liable fine
81,causing death rash driving riding public way,whoever causes death person rash negligent driving vehicle riding public way not amounting culpable homicide shall punished imprisonment either description term may extend three years fine
82,abetment suicide child insane person,person eighteen years age insane person delirious person idiot person state intoxication commits suicide whoever abets commission suicide shall punished death imprisonment life imprisonment term not exceeding ten years shall also liable fine
83,punishment murder lifeconvict,whoever sentence imprisonment life commits murder shall punished death
84,punishment culpable homicide not amounting murder,whoever commits culpable homicide not amounting murder shall punished imprisonment life imprisonment either description term may extend ten years shall also liable fine act death caused done intention causing death causing bodily injury likely cause death imprisonment either description term may extend ten years fine act done knowledge likely cause death without intention cause death cause bodily injury likely cause death
85,causing death negligence,whoever causes death person rash negligent act not amounting culpable homicide shall punished imprisonment either description term may extend five years fine
86,abetment suicide child insane person,person commits suicide whoever abets commission suicide shall punished imprisonment either description term may extend ten years shall also liable fine
87,attempt murder attempts lifeconvicts,whoever act intention knowledge circumstances act caused death would guilty murder shall punished imprisonment either description term may extend ten years shall also liable fine hurt caused person act offender shall liable either imprisonment life punishment hereinbefore mentioned person offending section sentence imprisonment life may hurt caused punished death
88,attempt commit culpable homicide,whoever act intention knowledge circumstances act caused death would guilty culpable homicide not amounting murder shall punished imprisonment either description term may extend three years fine hurt caused person act shall punished imprisonment either description term may extend seven years fine
89,attempt commit suicide,whoever attempts commit suicide act towards commission offence shall punished simple imprisonment term may extend one year fine
90,punishment ausing miscarriage,whoever voluntarily causes woman child miscarry shall miscarriage not caused good faith purpose saving life woman punished imprisonment either description term may extend three years fine woman quick child shall punished imprisonment either description term may extend seven years shall also liable fine
91,punishment causing miscarriage without women consent,whoever commits offence defined last preceding section without consent woman whether woman quick child not shall punished imprisonment life imprisonment either description term may extend ten years shall also liable fine
92,death caused act done intent cause miscarriage,whoever intent cause miscarriage woman child act causes death woman shall punished imprisonment either description term may extend ten years shall also liable fine
93,act done intent prevent child born alive cause die birth,whoever birth child act intention thereby preventing child born alive causing die birth act prevent child born alive causes die birth shall act not caused good faith purpose saving life mother punished imprisonment either description term may extend ten years fine
94,causing death quick unborn child act amounting culpable homicide,whoever act circumstances thereby caused death would guilty culpable homicide act cause death quick unborn child shall punished imprisonment either description term may extend ten years shall also liable fine
95,exposure abandonment child twelve years parent person care,whoever father mother child age twelve years care child shall expose leave child place intention wholly abandoning child shall punished imprisonment either description term may extend seven years fine section not intended prevent trial offender murder culpable homicide case may child die consequence exposure
96,concealment birth secret disposal dead body,whoever secretly burying otherwise disposing dead body child whether child die birth intentionally conceals endeavours conceal birth child shall punished imprisonment either description term may extend two years fine
97,punishment voluntarily causing hurt,whoever except case provided section voluntarily causes hurt shall punished imprisonment either description term may extend one year fine may extend one thousand taka
98,voluntarily causing hurt dangerous weapons means,whoever except case provided section voluntarily causes hurt means instrument shooting stabbing cutting instrument used weapon offence likely cause death means fire heated substance means poison corrosive substance means explosive substance means substance deleterious human body inhale swallow receive blood means animal shall punished imprisonment either description term may extend three years fine
99,punishment voluntarily causing grievous hurt,whoever except case provided section voluntarily causes grievous hurt shall punished imprisonment either description term may extend seven years shall also liable fine
100,voluntarily causing grievous hurt dangerous weapons means,whoever except case provided section voluntarily causes grievous hurt means instrument shooting stabbing cutting instrument used weapon offence likely cause death means fire heated substance means poison corrosive substance means explosive substance means substance deleterious human body inhale swallow receive blood means animal shall punished imprisonment life imprisonment either description term may extend ten years shall also liable fine
101,voluntarily causing grievous hurt respect eyes hand face means corrosive substance etc,whoever except case provided section voluntarily causes grievous hurt kind mentioned clause secondly section respect eyes either gouging means corrosive substance b clause sixthly section means corrosive substance shall punished death imprisonment life shall also liable fine
102,voluntarily causing hurt extort property constrain illegal act,whoever voluntarily causes hurt purpose extorting sufferer person interested sufferer property valuable security constraining sufferer person interested sufferer anything illegal may facilitate commission offence shall punished imprisonment either description term may extend ten years shall also liable fine
103,causing hurt means poison etc intent commit offence,whoever administers causes taken person poison stupefying intoxicating un wholesome drug thing intent cause hurt person intent commit facilitate commission offence knowing likely thereby cause hurt shall punished imprisonment either description term may extend ten years shall also liable fine
104,voluntarily causing grievous hurt extort property constrain illegal act,whoever voluntarily causes grievous hurt purpose extorting sufferer person interested sufferer property valuable security constraining sufferer person interested sufferer anything illegal may facilitate commission offence shall punished imprisonment life imprisonment either description term may extend ten years shall also liable fine
105,voluntarily causing hurt extort confession compel restoration property,whoever voluntarily causes hurt purpose extorting sufferer person interested sufferer confession information may lead detection offence misconduct purpose constraining sufferer person interested sufferer restore cause restoration property valuable security satisfy claim demand give information may lead restoration property valuable security shall punished imprisonment either description term may extend seven years shall also liable fine
106,voluntarily causing hurt deter public servant duty,whoever voluntarily causes hurt person public servant discharge duty public servant intent prevent deter person public servant discharging duty public servant consequence anything done attempted done person lawful discharge duty public servant shall punished imprisonment either description term may extend three years fine
107,voluntarily causing grievous hurt deter public servant duty,whoever voluntarily causes grievous hurt person public servant discharge duty public servant intent prevent deter person public servant discharging duty public servant consequence anything done attempted done person lawful discharge duty public servant shall punished imprisonment either description term may extend ten years shall also liable fine
108,voluntarily causing hurt provocation,whoever voluntarily causes hurt grave sudden provocation neither intends knows likely cause hurt person person gave provocation shall punished imprisonment either description term may extend one month fine may extend five hundred taka
109,voluntarily causing grievous hurt provocation,whoever voluntarily causes grievous hurt grave sudden provocation neither intends knows likely cause grievous hurt person person gave provocation shall punished imprisonment either description term may extend four years fine may extend two thousand taka
110,act endangering life personal safety others,whoever act rashly negligently endanger human life personal safety others shall punished imprisonment either description term may extend three months fine may extend two hundred fifty taka
111,causing hurt act endangering life personal safety others,whoever causes hurt person act rashly negligently endanger human life personal safety others shall punished imprisonment either description term may extend six months fine may extend five hundred taka
112,causing grievous hurt act endangering life personal safety others,whoever causes grievous hurt person act rashly negligently endanger human life personal safety others shall punished imprisonment either description term may extent two years fine may extend five thousand taka
113,causing grievous hurt rush driving riding public way,whoever causes grievous hurt person driving vehicle riding public way rashly negligently endanger human life personal safety others shall punished imprisonment either description term may extend two years fine
114,wrongful confinement ten days,whoever wrongfully confines person ten days shall punished imprisonment either description term may extend three years shall also liable fine
115,wrongful confinement person whose liberation writ issued,whoever keeps person wrongful confinement knowing writ liberation person duly issued shall punished imprisonment either description term may extend two years addition term imprisonment may liable section chapter
116,wrongful confinement secret,whoever wrongfully confines person manner indicate intention confinement person may not known person interested person confined public servant place confinement may not known discovered person public servant hereinbefore mentioned shall punished imprisonment either description term may extend two years addition punishment may liable wrongful confinement
117,wrongful confinement extort property constrain illegal act,whoever wrongfully confines person purpose extorting person confined person interested person confined property valuable security constraining person confined person interested person anything illegal give information may facilitate commission offence shall punished imprisonment either description term may extend three years shall also liable fine
118,wrongful confinement extort confession compel restoration property,whoever wrongfully confines person purpose extorting person confined person interested person confined confession information may lead detection offence misconduct purpose constraining person confined person interested person confined restore cause restoration property valuable security satisfy claim demand give information may lead restoration property valuable security shall punished imprisonment either description term may extend three years shall also liable fine
119,punishment wrongful confinement,whoever wrongfully confines person shall punished imprisonment either description term may extend one year fine may extend one thousand taka
120,wrongful confinement three days,whoever wrongfully confines person three days shall punished imprisonment either description term may extend two years fine
121,punishment wrongful restraint,whoever wrongfully restrains person shall punished simple imprisonment term may extend one month fine may extend five hundred taka
122,punishment assault criminal force otherwise grave provocation,whoever assaults uses criminal force person otherwise grave sudden provocation given person shall punished imprisonment either description term may extend three months fine may extend five hundred taka explanation grave sudden provocation not mitigate punishment offence section provocation sought voluntarily provoked offender excuse offence provocation given anything done obedience law public servant lawful exercise powers public servant provocation given anything done lawful exercise right private defence whether provocation grave sudden enough mitigate offence question fact
123,assault criminal force deter public servant discharge duty,whoever assaults uses criminal force person public servant execution duty public servant intent prevent deter person discharging duty public servant consequence anything done attempted done person lawful discharge duty public servant shall punished imprisonment either description term may extend three years fine
124,assault criminal force woman intent outage modesty,whoever assaults uses criminal force woman intending outrage knowing likely thereby outrage modesty shall punished imprisonment either description term may extend two years fine
125,assault criminal force intent dishonour person otherwise grave provocation,whoever assaults uses criminal force person intending thereby dishonour person otherwise grave sudden provocation given person shall punished imprisonment either description term may extend two years fine
126,assault criminal force attempt commit theft property carried person,whoever assaults uses criminal force person attempting commit theft property person wearing carrying shall punished imprisonment either description term may extent two years fine
127,assault criminal force attempt wrongfully confine person,whoever assaults uses criminal force person attempting wrongfully confine person shall punished imprisonment either description term may extend one year fine may extend one thousand taka
128,assault criminal force grave provocation,whoever assaults uses criminal force person grave sudden provocation given person shall punished simple imprisonment term may extend one month fine may extend two hundred taka
129,punishment kidnapping,whoever kidnaps person bangladesh lawful guardianship shall punished imprisonment either description term may extend seven years shall also liable fine
130,kidnapping abducting order murder,whoever kidnaps abducts person order person may murdered may disposed put danger murdered shall punished imprisonment life rigorous imprisonment term may extend ten years shall also liable fine
131,kidnapping abducting person age ten,whoever kidnaps abducts person age ten order person may murdered subjected grievous hurt slavery lust person may disposed put danger murdered subjected grievous hurt slavery lust person shall punished death imprisonment life rigorous imprisonment term may extend fourteen years shall not less seven years
132,kidnapping abducting intent secretly wrongfully confine person,whoever kidnaps abducts person intent cause person secretly wrongfully confined shall punished imprisonment either description term may extend seven years shall also liable fine
133,kidnapping abducting inducing woman compel marriage etc,whoever kidnaps abducts woman intent may compelled knowing likely compelled marry person order may forced seduced illicit intercourse knowing likely forced seduced illicit intercourse shall punished imprisonment either description term may extend ten years shall also liable fine whoever means criminal intimidation defined code abuse authority method compulsion induces woman go place intent may knowing likely forced seduced illicit intercourse another person shall also punishable aforesaid
134,kidnapping abducting child ten years intent steal person,whoever kidnaps abducts child age ten years intention taking dishonestly moveable property person child shall punished imprisonment either description term may extend seven years shall also liable fine
135,buying disposing person slave,whoever imports exports removes buys sells disposes person slave accepts receives detains person slave shall punished imprisonment either description term may extend seven years shall also liable fine
136,habitual dealing slaves,whoever habitually imports exports removes buys sells traffics deals slaves shall punished imprisonment life imprisonment either description term not exceeding ten years shall also liable fine
137,selling minor purposes prostitution etc,whoever sells lets hire otherwise disposes person age eighteen years intent person shall age employed used purpose prostitution illicit intercourse person unlawful immoral purpose knowing likely person age employed used purpose shall punished imprisonment either description term may extend ten years shall also liable fine selling minor purposes prostitution etc
138,buying minor purposes prostitution etc,whoever buys hires otherwise obtains possession person age eighteen years intent person shall age employed used purpose prostitution illicit intercourse person unlawful immoral purpose knowing likely person age employed used purpose shall punished imprisonment either description term may extend ten years shall also liable fine
139,unlawful compulsory labour,whoever unlawfully compels person labour person shall punished imprisonment either description term may extend one year fine whoever compels prisoner war protected person serve armed forces bangladesh shall punished imprisonment either description term may extend one year
140,procuration minor girl,whoever means whatsoever induces minor girl age eighteen years go place act intent girl may knowing likely forced seduced illicit intercourse another person shall punishable imprisonment may extend ten years shall also liable fine
141,importation girl foreign country,whoever imports bangladesh country outside bangladesh girl age twentyone years intent may knowing likely forced seduced illicit intercourse another person shall punishable imprisonment may extend ten years shall also liable fine
142,kidnapping abducting order subject person grievous hurt slavery etc,whoever kidnaps abducts person order person may subjected may disposed put danger subjected grievous hurt slavery unnatural lust person knowing likely person subjected disposed shall punished imprisonment either description term may extend ten years shall also liable fine
143,wrongfully concealing keeping confinement kidnapped abducted person,whoever knowing person kidnapped abducted wrongfully conceals confines person shall punished manner kidnapped abducted person intention knowledge purpose conceals detains person confinement
144,absconding avoid service summons proceeding,whoever absconds order avoid served summons notice order proceeding public servant legally competent public servant issue summons notice order shall punished simple imprisonment term may extend one month fine may extend five hundred taka summons notice order attend person agent produce document court justice simple imprisonment term may extend six month fine may extend one thousand taka
145,preventing service summons proceeding preventing publication thereof,whoever manner intentionally prevents serving person summons notice order proceeding public servant legally competent public servant issue summons notice order intentionally prevents lawful affixing place summons notice order intentionally removes summons notice order place lawfully affixed intentionally prevents lawful making proclamation authority public servant legally competent public servant direct proclamation made shall punished simple imprisonment term may extend one month fine may extend five hundred taka summons notice order proclamation attend person agent produce document court justice simple imprisonment term may extend six months fine may extend one thousand taka
146,nonattendance obedience order public servant,whoever legally bound attend person agent certain place time obedience summons notice order proclamation proceeding public servant legally competent public servant issue intentionally omits attend place time departs place bound attend time lawful depart shall punished simple imprisonment term may extend one month fine may extend five hundred taka summons notice order proclamation attend person agent court justice simple imprisonment term may extend six months fine may extend one thousand taka
147,omission produce document public servant person legally bound produce,whoever legally bound produce deliver document public servant intentionally omits produce deliver shall punished simple imprisonment term may extend one month fine may extend five hundred taka document produced delivered court justice simple imprisonment term may extend six months fine may extend one thousand taka
148,omission give notice information public servant person legally bound give,whoever legally bound give notice furnish information subject public servant intentionally omits give notice furnish information manner time required law shall punished simple imprisonment term may extend one month fine may extend five hundred taka notice information required given respects commission offence required purpose preventing commission offence order apprehension offender simple imprisonment term may extend six months fine may extend one thousand taka notice information required given required order passed subsection section code criminal procedure imprisonment either description term may extend six months fine may extend one thousand taka
149,furnishing false information,whoever legally bound furnish information subject public servant furnishes true information subject knows reason believe false shall punished simple imprisonment term may extend six months fine may extend one thousand taka information legally bound give respects commission offence required purpose preventing commission offence order apprehension offender imprisonment either description term may extend two years fine
150,refusing oath affirmation duly required public servant make,whoever refuses bind oath affirmation state truth required bind public servant legally competent require shall bind shall punished simple imprisonment term may extend six months fine may extend one thousand taka
151,refusing answer public servant authorized question,whoever legally bound state truth subject public servant refuses answer question demanded touching subject public servant exercise legal powers public servant shall punished simple imprisonment term may extend six months fine may extend one thousand taka
152,refusing sign statement,whoever refuses sign statement made required sign statement public servant legally competent require shall sign statement shall punished simple imprisonment term may extend three months fine may extend five hundred taka
153,false statement oath affirmation public servant person authorized administer oath affirmation,whoever legally bound oath affirmation state truth subject public servant person authorized law administer oath affirmation makes public servant person aforesaid touching subject statement false either knows believes false not believe true shall punished imprisonment either description term may extend three years shall also liable fine
154,false information intent cause public servant use lawful power injury another person,whoever gives public servant information knows believes false intending thereby cause knowing likely thereby cause public omit anything public servant ought not omit true state facts respecting information given known b use lawful power public servant injury annoyance person shall punished imprisonment either description term may extend six months fine may extend one thousand taka
155,resistance taking property lawful authority public servant,whoever offers resistance taking property lawful authority public servant knowing reason believe public servant shall punished imprisonment either description term may extend six months fine may extend one thousand taka
156,obstructing sale property offered sale authority public servant,whoever intentionally obstructs sale property offered sale lawful authority public servant shall punished imprisonment either description term may extend one month fine may extend five hundred taka
157,illegal purchase bid property offered sale authority public servant,whoever sale property held lawful authority public servant purchases bids property account person whether knows legal incapacity purchase property sale bids property not intending perform obligations lays bidding shall punished imprisonment either description term may extend one month fine may extend two hundred taka
158,obstructing public servant discharge public functions,whoever voluntarily obstructs public servant discharge public functions shall punished imprisonment either description term may extend three months fine may extend five hundred taka
159,omission assist public servant bound law give assistance,whoever bound law render furnish assistance public servant execution public duty intentionally omits give assistance shall punished simple imprisonment term may extend one month fine may extend two hundred taka assistance demanded public servant legally competent make demand purposes executing process lawfully issued court justice preventing commission offence suppressing riot affray apprehending person charged guilty offence escaped lawful custody shall punished simple imprisonment term may extend six months fine may extend five hundred taka
160,disobedience order duly promulgated public servant,whoever knowing order promulgated public servant lawfully empowered promulgate order directed abstain certain act take certain order certain property possession management disobeys direction shall disobedience causes tends cause obstruction annoyance injury risk obstruction annoyance injury persons lawfully employed punished simple imprisonment term may extend one month fine may extend two hundred taka disobedience causes tends cause danger human life health safety causes tends cause riot affray shall punished imprisonment either description term may extend six months fine may extend one thousand taka
161,threat injury public servant,whoever holds threat injury public servant person believes public servant interested purpose inducing public servant act forbear delay act connected exercise public functions public servant shall punished imprisonment either description term may extend two years fine
162,threat injury induce person refrain applying protection public servant,whoever holds threat injury person purpose inducing person refrain desist making legal application protection injury public servant legally empowered give protection cause protection given shall punished imprisonment either description term may extend one year fine
163,giving fabricating false evidence intent procure conviction offence punishable imprisonment life imprisonment,whoever gives fabricates false evidence intending thereby cause knowing likely thereby cause person convicted offence law time force not capital punishable imprisonment life imprisonment term seven years upwards shall punished person convicted offence would liable punished
164,using evidence known false,whoever corruptly uses attempts use true genuine evidence evidence knows false fabricated shall punished manner gave fabricated false evidence
165,issuing signing false certificate,whoever issues signs certificate required law given signed relating fact certificate law admissible evidence knowing believing certificate false material point shall punished manner gave false evidence
166,punishment false evidence,whoever intentionally gives false evidence stage judicial proceeding fabricates false evidence purpose used stage judicial proceeding shall punished imprisonment either description term may extend seven years shall also liable fine whoever intentionally gives fabricates false evidence case shall punished imprisonment either description term may extend three years shall also liable fine
167,giving fabricating false evidence intent procure conviction capital offence innocent person thereby convicted executed,whoever gives fabricates false evidence intending thereby cause knowing likely thereby cause person convicted offence capital law time force shall punished imprisonment life rigorous imprisonment term may extend ten years shall also liable fine innocent person convicted executed consequence false evidence person gives false evidence shall punished either death punishment herein described
168,using true certificate known false,whoever corruptly uses attempts use certificate true certificate knowing false material point shall punished manner gave false evidence
169,false statement made declaration law receivable evidence,whoever declaration made subscribed declaration court justice public servant persons bound authorized law receive evidence fact makes statement false either knows believes false not believe true touching point material object declaration made used shall punished manner gave false evidence
170,using true declaration knowing false,whoever corruptly uses attempts use true declaration knowing false material point shall punished manner gave false evidence
171,causing disappearance evidence offence giving false information screen offender capital offence punishable imprisonment life punishable less ten years imprisonment,whoever knowing reason believe offence committed causes evidence commission offence disappear intention screening offender legal punishment intention gives information respecting offence knows believes false shall offence knows believes committed punishable death punished imprisonment either description term may extend seven years shall also liable fine offence punishable imprisonment life imprisonment may extend ten years shall punished imprisonment either description term may extend three years shall also liable fine offence punishable imprisonment term not extending ten years shall punished imprisonment description provided offence term may extend onefourth part longest term imprisonment provided offence fine
172,intentional omission give information offence person bound inform,whoever knowing reason believe offence committed intentionally omits give information respecting offence legally bound give shall punished imprisonment either description term may extend six months fine
173,giving false information respecting offence committed,whoever knowing reason believe offence committed gives information respecting offence knows believes false shall punished imprisonment either description term may extend two years fine
174,destruction document prevent production evidence,whoever secrets destroys document may lawfully compelled produce evidence court justice proceeding lawfully held public servant obliterates renders illegible whole part document intention preventing produced used evidence court public servant aforesaid shall lawfully summoned required produce purpose shall punished imprisonment either description term may extend two years fine
175,false personation purpose act proceeding suit prosecution,whoever falsely personates another assumed character makes admission statement confesses judgment causes process issued becomes bail security act suit criminal prosecution shall punished imprisonment either description term may extend three years fine
176,fraudulent removal concealment property prevent seizure forfeited execution,whoever fraudulently removes conceals transfers delivers person property interest therein intending thereby prevent property interest therein taken forfeiture satisfaction fine sentence pronounced knows likely pronounced court justice competent authority taken execution decree order made knows likely made court justice civil suit shall punished imprisonment either description term may extend two years fine
177,fraudulent claim property prevent seizure forfeited execution,whoever fraudulently accepts receives claims property interest therein knowing right rightful claim property interest practices deception touching right property interest therein intending thereby prevent property interest therein taken forfeiture satisfaction fine sentence pronounced knows likely pronounced court justice competent authority taken execution decree order made knows likely made court justice civil suit shall punished imprisonment either description term may extend two years fine
178,taking gift help recover stolen property etc,whoever takes agrees consents take gratification pretence account helping person recover moveable property shall deprived offence punishable code shall unless uses means power cause offender apprehended convicted offence punished imprisonment either description term may extend two years fine
179,dishonestly making false claim court,whoever fraudulently dishonestly intent injure annoy person makes court justice claim knows false shall punished imprisonment either description term may extend two years shall also liable fine
180,punishment undue influence personation election,whoever commits offence undue influence personation election shall punished imprisonment either description term may extend one year fine
181,false statement connection election,whoever intent affect result election makes publishes statement purporting statement fact false either knows believes not believe true relation personal character conduct candidate shall punished fine
182,illegal payments connection election,whoever without general special authority writing candidate incurs authorises expenses account holding public meeting upon advertisement circular publication way whatsoever purpose promoting procuring election candidate shall punished fine may extend five hundred taka provided person incurred expenses not exceeding amount ten taka without authority obtains within ten days date expenses incurred approval writing candidate shall deemed incurred expenses authority candidate
183,failure keep election accounts,whoever required law time force rule force law keep accounts expenses incurred connection election fails keep accounts shall punished fine may extend five hundred taka
184,punishment bribery election,whoever commits offence bribery shall punished imprisonment either description term may extend one year fine provided bribery treating shall punished fine
185,making selling instrument counterfeiting coin,whoever makes mends performs part process making mending buys sells disposes die instrument purpose used knowing reason believe intended used purpose counterfeiting coin shall punished imprisonment either description term may extend three years shall also liable fine
186,making selling instrument counterfeiting bangladesh coin,whoever makes mends performs part process making mending buys sells disposes die instrument purpose used knowing reason believe intended used purpose counterfeiting bangladesh coin shall punished imprisonment either description term may extend seven years shall also liable fine
187,possession instrument material purpose using counterfeiting coin bangladesh coin,whoever possession instrument material purpose using counterfeiting coin knowing reason believe intended used purpose shall punished imprisonment either description term may extend three years shall also liable fine coin counterfeited bangladesh coin shall punished imprisonment either description term may extend ten years shall also liable fine
188,abetting bangladesh counterfeiting bangladesh coin,whoever within bangladesh abets counterfeiting coin bangladesh shall punished manner abetted counterfeiting coin within bangladesh
189,counterfeiting bangladesh coin,whoever counterfeits knowingly performs part process counterfeiting bangladesh coin shall punished imprisonment life imprisonment either description term may extend ten years shall also liable fine
190,import export counterfeit coin,whoever imports bangladesh exports therefrom counterfeit coin knowingly reason believe counterfeit shall punished imprisonment either description term may extend three years shall also liable fine
191,fraudulently dishonestly diminishing weight altering composition bangladesh coin,whoever fraudulently dishonestly performs bangladesh coin operation diminishes weight alters composition coin shall punished imprisonment either description term may extend seven years shall also liable fine
192,counterfeiting government stamp,whoever counterfeits knowingly performs part process counterfeiting stamp issued government purpose revenue shall punished imprisonment life imprisonment either description term may extend ten years shall also liable fine
193,possession counterfeit government stamp,whoever possession stamp knows counterfeit stamp issued government purpose revenue intending use dispose genuine stamp order may used genuine stamp shall punished imprisonment either description term may extend seven years shall also liable fine
194,making selling instrument counterfeiting government stamp,whoever makes performs part process making buys sells disposes instrument purpose used knowing reason believe intended used purpose counterfeiting stamp issued government purpose revenue shall punished imprisonment either description term may extend seven years shall also liable fine
195,adulteration food drink intended sale,whoever adulterates article food drink make article noxious food drink intending sell article food drink knowing likely sold food drink shall punished imprisonment either description term may extend six months fine may extend one thousand taka
196,punishment theft,whoever commits theft shall punished imprisonment either description term may extend three years fine
197,theft dwellinghouse etc,whoever commits theft building tent vessel building tent vessel used human dwelling use custody property shall punished imprisonment either description term may extend seven years shall also liable fine
198,theft preparation made causing death hurt restraint order committing theft,whoever commits theft made preparation causing death hurt restraint fear death hurt restraint person order committing theft order effecting escape committing theft order retaining property taken theft shall punished rigorous imprisonment term may extend ten years shall also liable fine
199,theft clerk servant property possession master,whoever clerk servant employed capacity clerk servant commits theft respect property possession master employer shall punished imprisonment either description term may extend seven years shall also liable fine
